<?xml version="1.0" encoding="UTF-8"?>
    <addon id="morguiju.repo" name="MoRgUiJu Repo" version="1.0.1" provider-name="MoRgUiJu">
        <requires>
            <import addon="xbmc.addon" version="12.0.0"/>
        </requires>
        <extension point="xbmc.addon.repository" name="MoRgUiJu Repo">
            <info compressed="false">https://raw.githubusercontent.com/MoRgUiJu/morguiju.repo/master/_repo/addons.xml</info>
            <checksum>https://raw.githubusercontent.com/MoRgUiJu/morguiju.repo/master/_repo/addons.xml.md5</checksum>
            <datadir zip="true">https://raw.githubusercontent.com/MoRgUiJu/morguiju.repo/master/_repo/</datadir>
            <hashes>false</hashes>
        </extension>
        <extension point="xbmc.addon.metadata">
            <summary>Mejores Plugins para KODI</summary>
            <description>Disfruta de los mejores plugins para KODI</description>
            <platform>all</platform>
    </extension>
</addon>